<beans xmlns="http://www.springframework.org/schema/beans" 
	   xmlns:context="http://www.springframework.org/schema/context" 
	   xmlns:mvc="http://www.springframework.org/schema/mvc" 
	   xmlns:xsi="http://www.w3.org/2001/XMLSchema-instance" 
	   xsi:schemaLocation=" http://www.springframework.org/schema/beans http://www.springframework.org/schema/beans/spring-beans-3.0.xsd http://www.springframework.org/schema/context http://www.springframework.org/schema/context/spring-context-3.0.xsd http://www.springframework.org/schema/mvc http://www.springframework.org/schema/mvc/spring-mvc-3.0.xsd">
<mvc:annotation-driven/>
<context:component-scan base-package="com.spring.rest"/>


   <!-- Initialization for data source -->
   <bean id="dataSource" 
      class="org.springframework.jdbc.datasource.DriverManagerDataSource">
      <property name="driverClassName" value="com.mysql.jdbc.Driver"/>
      <property name="url" value="jdbc:mysql://localhost:3306/EmployeeBilling"/>
      <property name="username" value="root"/>
      <property name="password" value=""/>
   </bean>

   <!-- Definition for studentJDBCTemplate bean -->
   <bean id="loginDetailsJDBCTemplate" 
      class="com.spring.dao.LoginDetailsJDBCTemplate">
      <property name="dataSource"  ref="dataSource" />    
   </bean>

   <bean id="employeeDetailsJDBCTemplate" 
      class="com.spring.dao.EmployeeDetailsJDBCTemplate">
      <property name="dataSource"  ref="dataSource" />    
   </bean>
       
   <bean id="cityDetailsJDBCTemplate" 
      class="com.spring.dao.CityDetailsJDBCTemplate">
      <property name="dataSource"  ref="dataSource" />    
   </bean> 
   
</beans>